{"loss": 0.0831705778837204, "_runtime": 38, "_timestamp": 1644152655, "_step": 109, "test_result - truth": [8.458492811769247, 1.5284936875104904, -23.27733227284625, -24.124581646174192, 42.494882829487324, 7.936173677444458, 8.076949417591095, 8.15582312643528, -26.33175551891327, -59.39939869567752, -0.5842957645654678, 1.8724501132965088, 3.627442941069603, 4.886894300580025, 3.9643116295337677, 2.463994547724724, -9.622074477374554, -7.917015999555588, 3.6890868097543716, 0.4841722548007965, -5.624813586473465, -1.0690011084079742, 3.0095290392637253, 4.744080081582069, 4.229773208498955, -3.3178724348545074, -20.451014768332243, 4.575798287987709, 3.213071823120117, 8.075392059981823], "_wandb": {"runtime": 37}}