{"loss": 0.05755997821688652, "_runtime": 24, "_timestamp": 1644138053, "_step": 50, "test_result - truth": {"_type": "histogram", "values": [1, 0, 0, 0, 0, 0, 0, 0, 0, 0, 0, 0, 0, 0, 0, 0, 0, 0, 0, 0, 1, 0, 3, 11, 20, 36, 56, 34, 47, 83, 1, 14], "bins": [-287.1807660222054, -277.5728865336627, -267.96500704512005, -258.3571275565773, -248.74924806803466, -239.141368579492, -229.53348909094933, -219.92560960240664, -210.31773011386395, -200.70985062532128, -191.10197113677862, -181.49409164823592, -171.88621215969326, -162.27833267115057, -152.6704531826079, -143.0625736940652, -133.45469420552254, -123.84681471697988, -114.23893522843719, -104.63105573989452, -95.02317625135183, -85.41529676280916, -75.80741727426647, -66.1995377857238, -56.59165829718114, -46.98377880863845, -37.37589932009578, -27.76801983155309, -18.160140343010426, -8.552260854467761, 1.0556186340749605, 10.663498122617625, 20.27137761116028]}, "_wandb": {"runtime": 22}}