,precision,recall,acc,f1
0,0.28,0.03349282296650718,0.9874772313296903,0.05982905982905983
