,precision,recall,acc,f1
0,0.24074074074074073,0.06220095693779904,0.98650956284153,0.0988593155893536
