,precision,recall,acc,f1
0,0.21666666666666667,0.06220095693779904,0.9861680327868853,0.0966542750929368
