,precision,recall,acc,f1
0,0.6696165191740413,0.8730769230769231,0.9870338907269963,0.7579298831385642
