,precision,recall,acc,f1
0,0.2,0.07177033492822966,0.9855418943533698,0.1056338028169014
