,precision,recall,acc,f1
0,0.203125,0.06220095693779904,0.9859403460837887,0.09523809523809525
