,precision,recall,acc,f1
0,0.6363636363636364,0.10047846889952153,0.988615664845173,0.17355371900826444
