,precision,recall,acc,f1
0,0.7391304347826086,0.08133971291866028,0.9887295081967213,0.14655172413793102
