,precision,recall,acc,f1
0,0.16129032258064516,0.07177033492822966,0.9845173041894353,0.09933774834437084
