,precision,recall,acc,f1
0,0.6927710843373494,0.8846153846153846,0.9881963694894036,0.777027027027027
