,precision,recall,acc,f1
0,0.2898550724637681,0.09569377990430622,0.9864526411657559,0.14388489208633093
