,precision,recall,acc,f1
0,0.875,0.8346153846153846,0.993382813198605,0.8543307086614174
