,precision,recall,acc,f1
0,0.9121338912133892,0.8384615384615385,0.994366449074488,0.87374749498998
