,precision,recall,acc,f1
0,0.8268551236749117,0.9,0.9932933917553429,0.861878453038674
