,precision,recall,acc,f1
0,0.8482490272373541,0.8384615384615385,0.9927568630957704,0.8433268858800774
