,precision,recall,acc,f1
0,0.20588235294117646,0.06698564593301436,0.9858265027322405,0.10108303249097474
