,precision,recall,acc,f1
0,0.15315315315315314,0.08133971291866028,0.9837204007285975,0.10625
