,precision,recall,acc,f1
0,0.38164251207729466,0.6076923076923076,0.9679871233121703,0.46884272997032633
