,precision,recall,acc,f1
0,0.7142857142857143,0.023923444976076555,0.9882741347905283,0.046296296296296294
