,precision,recall,acc,f1
0,0.3958333333333333,0.09090909090909091,0.9875341530054644,0.14785992217898836
