,precision,recall,acc,f1
0,0.24691358024691357,0.09569377990430622,0.9857695810564663,0.13793103448275862
