,precision,recall,acc,f1
0,0.8007518796992481,0.8192307692307692,0.9910578556737906,0.8098859315589353
