,precision,recall,acc,f1
0,0.8191489361702128,0.8884615384615384,0.9928462845390325,0.8523985239852399
