,precision,recall,acc,f1
0,0.6,0.028708133971291867,0.9882172131147541,0.0547945205479452
