,precision,recall,acc,f1
0,0.19480519480519481,0.07177033492822966,0.9854280510018215,0.1048951048951049
