,precision,recall,acc,f1
0,0.9125,0.8423076923076923,0.9944558705177502,0.876
