,precision,recall,acc,f1
0,0.16260162601626016,0.09569377990430622,0.9833788706739527,0.12048192771084337
