,precision,recall,acc,f1
0,0.7202572347266881,0.8615384615384616,0.9890011624787624,0.7845884413309984
