,precision,recall,acc,f1
0,0.18292682926829268,0.07177033492822966,0.9851434426229508,0.10309278350515465
