,precision,recall,acc,f1
0,0.9388646288209607,0.8269230769230769,0.9947241348475364,0.8793456032719836
