,precision,recall,acc,f1
0,1.0,0.023923444976076555,0.9883879781420765,0.04672897196261682
