,precision,recall,acc,f1
0,0.1724137931034483,0.07177033492822966,0.9848588342440802,0.10135135135135136
