,precision,recall,acc,f1
0,0.2037037037037037,0.05263157894736842,0.9862818761384335,0.08365019011406845
