,precision,recall,acc,f1
0,0.1956521739130435,0.0861244019138756,0.9849157559198543,0.11960132890365452
