,precision,recall,acc,f1
0,0.8760330578512396,0.8153846153846154,0.9930251274255566,0.844621513944223
