,precision,recall,acc,f1
0,0.1271186440677966,0.07177033492822966,0.983094262295082,0.09174311926605505
