,precision,recall,acc,f1
0,0.23529411764705882,0.07655502392344497,0.986054189435337,0.11552346570397111
