,precision,recall,acc,f1
0,0.22388059701492538,0.07177033492822966,0.9859972677595629,0.10869565217391304
