,precision,recall,acc,f1
0,0.3723150357995227,0.6,0.9671823303228114,0.45949926362297494
