,precision,recall,acc,f1
0,0.739413680781759,0.8730769230769231,0.9898953769113833,0.8007054673721341
