,precision,recall,acc,f1
0,0.8365758754863813,0.8269230769230769,0.9922203344361978,0.8317214700193424
