,precision,recall,acc,f1
0,0.8532818532818532,0.85,0.9931145488688188,0.8516377649325626
