,precision,recall,acc,f1
0,0.20833333333333334,0.07177033492822966,0.9857126593806922,0.10676156583629892
