,precision,recall,acc,f1
0,0.14655172413793102,0.08133971291866028,0.9834357923497268,0.1046153846153846
