,precision,recall,acc,f1
0,0.780327868852459,0.9153846153846154,0.9920414915496736,0.8424778761061947
