,precision,recall,acc,f1
0,0.6647230320699709,0.8769230769230769,0.9868550478404722,0.7562189054726368
