,precision,recall,acc,f1
0,0.2054794520547945,0.07177033492822966,0.985655737704918,0.10638297872340426
