,precision,recall,acc,f1
0,0.8125,0.9,0.9928462845390325,0.854014598540146
