,precision,recall,acc,f1
0,0.8446969696969697,0.8576923076923076,0.9930251274255566,0.8511450381679388
