,precision,recall,acc,f1
0,0.35294117647058826,0.05741626794258373,0.9875341530054644,0.09876543209876543
