,precision,recall,acc,f1
0,0.8297872340425532,0.9,0.993382813198605,0.8634686346863468
