,precision,recall,acc,f1
0,0.7759197324414716,0.8923076923076924,0.991504962890101,0.8300536672629697
