,precision,recall,acc,f1
0,0.8051470588235294,0.8423076923076923,0.9915943843333631,0.8233082706766917
