,precision,recall,acc,f1
0,0.12931034482758622,0.07177033492822966,0.9832081056466302,0.0923076923076923
