,precision,recall,acc,f1
0,0.15789473684210525,0.0861244019138756,0.9836634790528234,0.11145510835913312
