,precision,recall,acc,f1
0,0.4323529411764706,0.5653846153846154,0.9726370383617992,0.49
