,precision,recall,acc,f1
0,0.5214446952595937,0.8884615384615384,0.9784494321738353,0.6571834992887625
