,precision,recall,acc,f1
0,0.5106382978723404,0.11483253588516747,0.98816029143898,0.18749999999999997
