,precision,recall,acc,f1
0,0.28125,0.0861244019138756,0.98650956284153,0.13186813186813187
