,precision,recall,acc,f1
0,0.4666666666666667,0.03349282296650718,0.9880464480874317,0.06250000000000001
