,precision,recall,acc,f1
0,0.21311475409836064,0.06220095693779904,0.9861111111111112,0.09629629629629628
