,precision,recall,acc,f1
0,0.2153846153846154,0.06698564593301436,0.9859972677595629,0.10218978102189781
