,precision,recall,acc,f1
0,0.21739130434782608,0.07177033492822966,0.9858834244080146,0.1079136690647482
