,precision,recall,acc,f1
0,0.8975409836065574,0.8423076923076923,0.9940981847447018,0.8690476190476191
