,precision,recall,acc,f1
0,0.8545454545454545,0.9038461538461539,0.9941876061879639,0.8785046728971962
