,precision,recall,acc,f1
0,0.1015625,0.06220095693779904,0.9822973588342441,0.0771513353115727
