,precision,recall,acc,f1
0,0.9285714285714286,0.06220095693779904,0.9887864298724954,0.11659192825112107
