,precision,recall,acc,f1
0,0.05148514851485148,0.12440191387559808,0.9623178506375227,0.07282913165266106
