,precision,recall,acc,f1
0,0.07051282051282051,0.05263157894736842,0.9804758652094717,0.06027397260273973
