,precision,recall,acc,f1
0,0.23636363636363636,0.06220095693779904,0.9864526411657559,0.09848484848484848
