,precision,recall,acc,f1
0,0.7588424437299035,0.9076923076923077,0.9911472771170526,0.8266199649737304
