,precision,recall,acc,f1
0,0.2839506172839506,0.11004784688995216,0.9861111111111112,0.15862068965517243
