,precision,recall,acc,f1
0,0.19736842105263158,0.07177033492822966,0.9854849726775956,0.10526315789473685
