,precision,recall,acc,f1
0,0.7730496453900709,0.8384615384615385,0.990521327014218,0.8044280442804428
