,precision,recall,acc,f1
0,0.1553398058252427,0.07655502392344497,0.9840619307832422,0.10256410256410256
