,precision,recall,acc,f1
0,0.052083333333333336,0.14354066985645933,0.9587317850637522,0.07643312101910828
