,precision,recall,acc,f1
0,0.5789473684210527,0.05263157894736842,0.9882741347905283,0.09649122807017545
