,precision,recall,acc,f1
0,0.8830645161290323,0.8423076923076923,0.9937404989716534,0.862204724409449
