{"loss": 0.27655884623527527, "_runtime": 14, "_timestamp": 1644152917, "_step": 10, "test_result - truth": [-12.838110141456127, -19.768109265714884, -26.576628210023046, -16.539829317480326, 53.378159645944834, 53.432130720466375, 53.4508416429162, 53.4658691380173, 18.976950645446777, -59.07700681127608, 26.66764771565795, 30.930017726495862, 32.71862659603357, 34.007864305749536, 33.107426622882485, 31.632642075419426, 19.58873779512942, 21.189054753631353, 32.787644024938345, 29.738575033843517, 23.62363846041262, 28.500068373978138, 32.51120843924582, 33.91794115304947, 33.61855507828295, 25.71942606009543, 8.381997887045145, 32.825576327741146, 30.62381213530898, 33.32639252766967], "_wandb": {"runtime": 12}}