{"loss": 0.0443873405456543, "_runtime": 40, "_timestamp": 1644151380, "_step": 109, "test_result - truth": [-29.81676058843732, -36.746759712696075, -49.46146812289953, -41.2705441005528, 26.907173171639442, 3.846462070941925, 5.395786464214325, 6.044374778866768, -28.037818148732185, -14.61905837059021, -1.4589674770832062, 2.1006055176258087, 3.8660556077957153, 5.164710804820061, 4.255891218781471, 2.759912610054016, -9.337887726724148, -7.142558321356773, 3.996773064136505, 0.7366318255662918, -5.334266647696495, -0.2612270414829254, 3.5689707845449448, 4.927445948123932, 4.742547869682312, -2.9711633920669556, -20.256718900054693, 4.374558851122856, 2.001776173710823, 4.597708582878113], "_wandb": {"runtime": 34}}