{"loss": 0.06408961117267609, "_runtime": 32, "_timestamp": 1644146687, "_step": 68, "test_result - truth": {"_type": "histogram", "values": [1, 0, 0, 0, 0, 0, 0, 0, 0, 0, 0, 0, 0, 0, 0, 0, 0, 0, 0, 0, 1, 0, 3, 11, 19, 32, 59, 34, 47, 85, 1, 14], "bins": [-255.31750569045545, -245.72058778908104, -236.12366988770665, -226.52675198633224, -216.92983408495786, -207.33291618358345, -197.73599828220904, -188.13908038083463, -178.54216247946025, -168.94524457808586, -159.34832667671145, -149.75140877533704, -140.15449087396263, -130.55757297258825, -120.96065507121384, -111.36373716983945, -101.76681926846504, -92.16990136709063, -82.57298346571625, -72.97606556434184, -63.379147662967455, -53.782229761593044, -44.18531186021863, -34.58839395884425, -24.99147605746984, -15.394558156095428, -5.7976402547210455, 3.7992776466533655, 13.396195548027777, 22.993113449402188, 32.59003135077654, 42.18694925215095, 51.78386715352536]}}