{"loss": 0.5668560266494751, "_runtime": 13, "_timestamp": 1644152959, "_step": 10, "test_result - truth": [-28.33146220073104, -35.261461324989796, -42.01469700783491, -31.96807997301221, 37.94557135552168, 37.93259784579277, 37.92808838188648, 37.92169466614723, 3.4150924533605576, -74.56250376999378, 11.135086789727211, 15.561839751899242, 17.346425727009773, 18.64753346890211, 17.748938128352165, 16.249268129467964, 4.14823405444622, 5.872153490781784, 17.46942177414894, 14.240466244518757, 8.1398606300354, 13.157767429947853, 17.044590041041374, 18.44379622489214, 18.142500333487988, 10.241689905524254, -7.0566547103226185, 17.569422908127308, 15.137888118624687, 17.836502194404602], "_wandb": {"runtime": 12}}