{"loss": 0.020368462428450584, "_runtime": 237, "_timestamp": 1644083147, "_step": 509, "test_result - truth": {"_type": "histogram", "values": [1, 1, 2, 2, 1, 1, 2, 2, 4, 2, 7, 5, 15, 20, 36, 33, 68, 50, 20, 5, 7, 7, 2, 7, 4, 0, 0, 0, 0, 1, 1, 1], "bins": [-1.1766471862792969, -1.1036571264266968, -1.0306669473648071, -0.957676887512207, -0.8846868276596069, -0.8116967082023621, -0.7387065887451172, -0.6657165288925171, -0.5927264094352722, -0.5197362899780273, -0.44674623012542725, -0.3737561106681824, -0.3007660210132599, -0.2277759313583374, -0.15478582680225372, -0.08179572969675064, -0.008805632591247559, 0.06418446451425552, 0.1371745616197586, 0.21016466617584229, 0.28315475583076477, 0.35614484548568726, 0.42913496494293213, 0.5021250247955322, 0.5751151442527771, 0.648105263710022, 0.7210953235626221, 0.7940854430198669, 0.8670755624771118, 0.9400656223297119, 1.013055682182312, 1.0860458612442017, 1.1590359210968018]}, "_wandb": {"runtime": 217}}