{"loss": 0.006263006012886763, "_runtime": 32, "_timestamp": 1643987757, "_step": 50, "test_result - truth": {"_type": "histogram", "values": [1, 0, 0, 0, 0, 0, 0, 0, 0, 0, 0, 0, 0, 0, 0, 0, 0, 0, 0, 0, 1, 1, 2, 13, 22, 37, 58, 38, 62, 58, 0, 14], "bins": [-1.7323269844055176, -1.6694005727767944, -1.6064741611480713, -1.5435476303100586, -1.4806212186813354, -1.4176948070526123, -1.3547683954238892, -1.2918418645858765, -1.2289154529571533, -1.1659890413284302, -1.103062629699707, -1.0401360988616943, -0.9772096872329712, -0.914283275604248, -0.8513568043708801, -0.788430392742157, -0.7255039215087891, -0.6625775098800659, -0.5996510982513428, -0.5367246270179749, -0.4737981855869293, -0.4108717441558838, -0.34794530272483826, -0.2850188612937927, -0.2220924347639084, -0.15916599333286285, -0.09623955190181732, -0.033313117921352386, 0.029613323509693146, 0.09253976494073868, 0.1554661989212036, 0.21839264035224915, 0.2813190817832947]}, "_wandb": {"runtime": 26}}