{"loss": 0.016565442085266113, "_runtime": 95, "_timestamp": 1643916800, "_step": 210, "test_result - truth": {"_type": "histogram", "values": [1, 0, 0, 0, 0, 0, 0, 0, 0, 0, 1, 0, 0, 1, 1, 0, 0, 0, 1, 1, 2, 1, 2, 9, 29, 43, 76, 18, 7, 1, 1, 2], "bins": [-1.628183126449585, -1.5653778314590454, -1.5025725364685059, -1.4397672414779663, -1.3769619464874268, -1.3141566514968872, -1.251351237297058, -1.1885459423065186, -1.125740647315979, -1.0629353523254395, -1.0001300573349, -0.9373247623443604, -0.8745194673538208, -0.8117141723632812, -0.7489088177680969, -0.6861035227775574, -0.6232982277870178, -0.5604929327964783, -0.49768760800361633, -0.4348823130130768, -0.37207698822021484, -0.3092716932296753, -0.24646639823913574, -0.183661088347435, -0.12085577845573425, -0.05805047228932381, 0.004754833877086639, 0.06756013631820679, 0.13036544620990753, 0.19317075610160828, 0.2559760510921478, 0.31878137588500977, 0.3815866708755493]}, "_wandb": {"runtime": 93}}