{"loss": 0.1418849229812622, "_runtime": 36, "_timestamp": 1644152228, "_step": 109, "test_result - truth": [-12.661668565124273, -19.59166768938303, -30.418618116527796, -21.77338907495141, 43.05918775498867, 19.91557627916336, 20.142243057489395, 20.356927067041397, -14.07056674361229, -78.17991860210896, 7.0556145161390305, 2.251727879047394, -1.0218478739261627, 0.26980675756931305, -0.6395727396011353, -2.1471016108989716, -14.250628463923931, -6.508893147110939, -0.926726683974266, -4.142393544316292, -10.240620374679565, -5.219950899481773, -1.2889925390481949, 0.15736520290374756, 0.06718933582305908, -7.615683227777481, -24.677676614373922, -0.20543038845062256, -2.1319571882486343, 0.5097135901451111], "_wandb": {"runtime": 33}}