{"loss": 0.030016006901860237, "_runtime": 38, "_timestamp": 1644152085, "_step": 109, "test_result - truth": [13.419699389487505, 6.489700265228748, -12.742351926863194, -8.601818326860666, 31.745928525924683, 5.4186757653951645, 5.3828079253435135, 7.957195490598679, -25.791069120168686, 2.21867635846138, -3.2553602010011673, 1.2840170413255692, 0.7535666227340698, 2.0463477820158005, 1.1393621563911438, -0.36371760070323944, -12.444593198597431, -8.249210938811302, 3.2285045832395554, -3.0078258365392685, -8.460253849625587, -1.521221548318863, 0.6000470370054245, 1.491687074303627, 0.8054975420236588, -7.261889800429344, -23.040523286908865, 1.8271710723638535, -0.7324241101741791, 2.9230479151010513], "_wandb": {"runtime": 33}}