{"loss": 0.002835032530128956, "_runtime": 201, "_timestamp": 1643981590, "_step": 509, "test_result - truth": {"_type": "histogram", "values": [1, 0, 0, 0, 0, 0, 0, 0, 0, 0, 0, 0, 0, 0, 0, 0, 0, 0, 0, 1, 1, 6, 5, 5, 26, 75, 128, 45, 7, 3, 1, 3], "bins": [-1.5738773345947266, -1.51488196849823, -1.455886721611023, -1.3968913555145264, -1.3378961086273193, -1.2789007425308228, -1.2199053764343262, -1.1609101295471191, -1.1019147634506226, -1.0429195165634155, -0.983924150466919, -0.9249288439750671, -0.8659335374832153, -0.8069382309913635, -0.7479428648948669, -0.6889475584030151, -0.6299522519111633, -0.5709569454193115, -0.5119616389274597, -0.4529663026332855, -0.39397096633911133, -0.3349756598472595, -0.2759803533554077, -0.21698503196239471, -0.1579897105693817, -0.09899438917636871, -0.03999907523393631, 0.018996242433786392, 0.0779915601015091, 0.1369868814945221, 0.1959821879863739, 0.2549775242805481, 0.3139728307723999]}, "_wandb": {"runtime": 200}}