{"loss": 0.05609239265322685, "_runtime": 41, "_timestamp": 1644151872, "_step": 109, "test_result - truth": [-26.529480423778296, -33.45947954803705, -47.93516043573618, -40.26497891172767, 30.460950918495655, 21.46768681704998, 21.542148292064667, 21.652501076459885, -12.768974527716637, -22.130457311868668, 2.7412494644522667, 1.2853380292654037, 3.1125929206609726, 4.422593861818314, 3.5231687128543854, 2.0181510597467422, -10.087018646299839, -8.412084728479385, 3.1931698322296143, 0.007084384560585022, -6.100298836827278, -1.0684143751859665, 2.9350508004426956, 4.64455671608448, 4.618562757968903, -3.1139709055423737, -20.305173005908728, 5.648504197597504, 2.843403071165085, 5.207984894514084], "_wandb": {"runtime": 36}}