{"loss": 0.05107374116778374, "_runtime": 31, "_timestamp": 1647535103, "_step": 109, "test_result - truth": [-14.131378708407283, -21.06137783266604, -38.55019826442003, -35.45947289094329, 33.815889805555344, 3.6422453820705414, 4.222182556986809, 5.486482009291649, -28.196021541953087, -2.3684944957494736, -1.866629719734192, 0.2745911478996277, 2.087479457259178, 3.392508253455162, 2.491329610347748, 0.9864326566457748, -11.118783988058567, -9.42961759865284, 2.168797329068184, -1.0276950895786285, -7.133485749363899, -2.1026909351348877, 1.829739287495613, 3.277156502008438, 3.1392473727464676, -4.5823730528354645, -21.888390462845564, 0.059944018721580505, 0.2270858734846115, 3.112965077161789], "_wandb": {"runtime": 29}}