{"loss": 0.0878879502415657, "_runtime": 55, "_timestamp": 1644580160, "_step": 124, "test_result - truth": {"_type": "histogram", "values": [1, 0, 0, 0, 0, 0, 0, 0, 0, 0, 0, 0, 0, 0, 0, 0, 0, 0, 0, 0, 1, 1, 3, 11, 21, 32, 60, 31, 46, 85, 1, 14], "bins": [-245.32151748836043, -235.73074363581838, -226.13996978327634, -216.5491959307343, -206.95842207819226, -197.3676482256502, -187.77687437310817, -178.18610052056613, -168.5953266680241, -159.00455281548204, -149.41377896294, -139.82300511039796, -130.23223125785591, -120.64145740531387, -111.05068355277183, -101.45990970022979, -91.86913584768774, -82.2783619951457, -72.68758814260366, -63.096814290061616, -53.50604043751957, -43.91526658497753, -34.32449273243549, -24.733718879893445, -15.142945027351402, -5.552171174809359, 4.038602677732683, 13.629376530274726, 23.22015038281677, 32.81092423535881, 42.401698087900854, 51.9924719404429, 61.58324579298496]}, "_wandb": {"runtime": 52}}