{"loss": 0.025068208575248718, "_runtime": 28, "_timestamp": 1643981248, "_step": 50, "test_result - truth": {"_type": "histogram", "values": [1, 0, 0, 0, 0, 0, 0, 0, 0, 0, 0, 0, 0, 0, 0, 0, 0, 0, 0, 0, 1, 0, 3, 11, 19, 32, 59, 35, 46, 85, 1, 14], "bins": [-1.7363895177841187, -1.6738877296447754, -1.6113860607147217, -1.5488842725753784, -1.4863826036453247, -1.4238808155059814, -1.3613791465759277, -1.2988773584365845, -1.2363755702972412, -1.1738739013671875, -1.1113721132278442, -1.0488704442977905, -0.9863686561584473, -0.9238669276237488, -0.8613651990890503, -0.7988634705543518, -0.7363617420196533, -0.6738599538803101, -0.6113582253456116, -0.5488564968109131, -0.4863547682762146, -0.4238530099391937, -0.36135128140449524, -0.29884955286979675, -0.23634780943393707, -0.1738460659980774, -0.1113443374633789, -0.048842594027519226, 0.013659141957759857, 0.07616087794303894, 0.13866262137889862, 0.2011643499135971, 0.2636660933494568]}, "_wandb": {"runtime": 22}}