{"loss": 0.0030319432262331247, "_runtime": 29, "_timestamp": 1644580070, "_step": 50, "test_result - truth": {"_type": "histogram", "values": [1, 0, 0, 0, 0, 0, 0, 0, 0, 0, 0, 0, 0, 0, 0, 0, 0, 0, 0, 1, 1, 2, 3, 12, 23, 35, 54, 32, 46, 82, 2, 13], "bins": [-265.25687780678277, -255.68736330131074, -246.1178487958387, -236.54833429036665, -226.97881978489463, -217.4093052794226, -207.83979077395054, -198.2702762684785, -188.70076176300648, -179.13124725753445, -169.56173275206243, -159.99221824659037, -150.42270374111834, -140.8531892356463, -131.28367473017425, -121.71416022470223, -112.1446457192302, -102.57513121375817, -93.00561670828614, -83.43610220281408, -73.86658769734206, -64.29707319187003, -54.72755868639797, -45.15804418092594, -35.58852967545391, -26.019015169981884, -16.449500664509856, -6.879986159037799, 2.6895283464342583, 12.259042851906258, 21.828557357378315, 31.398071862850315, 40.96758636832237]}, "_wandb": {"runtime": 23}}