{"loss": 0.0841594859957695, "_runtime": 34, "_timestamp": 1644150662, "_step": 109, "test_result - truth": [-8.65320002194494, -15.583199146203697, -40.25630448013544, -36.10053090378642, 33.827607706189156, 2.7776051312685013, 5.757287889719009, 8.573144674301147, -24.442434310913086, 13.546624034643173, 6.860131770372391, 0.24441629648208618, 1.9741829484701157, 3.145091235637665, 2.2539708763360977, 0.7697168737649918, -11.323429830372334, -6.9415368139743805, 4.653682932257652, -1.2281231582164764, -7.326289638876915, -0.5725175142288208, 1.0276682674884796, 2.24483460187912, 1.8668174743652344, -6.452372297644615, -21.90111754462123, 2.6754263788461685, -1.610012724995613, 0.8908186107873917], "_wandb": {"runtime": 33}}