{"loss": 0.04375094920396805, "_runtime": 34, "_timestamp": 1644151455, "_step": 109, "test_result - truth": [-13.444867730140686, -20.374866854399443, -42.85020008683205, -38.99989491328597, 30.902615189552307, 8.1244345754385, 8.078595623373985, 8.096100389957428, -20.217740535736084, 0.7062457501888275, -3.2645802944898605, -2.9037393629550934, -1.1117689311504364, 0.18430128693580627, -0.7162000983953476, -2.2148609161376953, -14.313710667192936, -12.614522874355316, -1.0180994868278503, -4.224318265914917, -10.329870879650116, -5.311360582709312, -1.258586347103119, 0.47921687364578247, 0.6791185587644577, -6.680725514888763, -23.557042982429266, 1.2888450175523758, -1.0113168507814407, 1.8174849450588226], "_wandb": {"runtime": 32}}