{"loss": 0.003848807420581579, "_runtime": 180, "_timestamp": 1644137876, "_step": 428, "test_result - truth": {"_type": "histogram", "values": [1, 0, 0, 0, 0, 0, 0, 0, 0, 0, 0, 0, 0, 0, 0, 0, 0, 0, 0, 3, 1, 5, 9, 25, 65, 120, 54, 17, 2, 2, 0, 3], "bins": [-1.6307158470153809, -1.5669759511947632, -1.503236174583435, -1.4394962787628174, -1.3757563829421997, -1.3120166063308716, -1.248276710510254, -1.1845368146896362, -1.120797038078308, -1.0570571422576904, -0.9933173060417175, -0.9295774698257446, -0.865837574005127, -0.802097737789154, -0.7383579015731812, -0.6746180057525635, -0.6108781695365906, -0.5471383333206177, -0.4833984673023224, -0.4196586012840271, -0.3559187650680542, -0.2921788990497589, -0.22843903303146362, -0.16469918191432953, -0.10095933079719543, -0.03721947595477104, 0.02652037888765335, 0.09026023745536804, 0.15400008857250214, 0.21773993968963623, 0.2814798057079315, 0.3452196419239044, 0.4089595079421997]}}