{"loss": 0.014009485021233559, "_runtime": 365, "_timestamp": 1644148439, "_step": 856, "test_result - truth": {"_type": "histogram", "values": [1, 0, 0, 0, 0, 0, 0, 0, 1, 0, 0, 1, 1, 1, 0, 0, 0, 0, 0, 3, 1, 5, 12, 22, 88, 318, 147, 56, 10, 1, 2, 3], "bins": [-367.2962575569749, -353.56633258857767, -339.8364076201804, -326.10648265178315, -312.37655768338595, -298.6466327149887, -284.91670774659144, -271.1867827781942, -257.45685780979693, -243.72693284139973, -229.99700787300247, -216.26708290460522, -202.53715793620796, -188.80723296781073, -175.07730799941348, -161.34738303101625, -147.617458062619, -133.88753309422174, -120.15760812582451, -106.42768315742728, -92.69775818903003, -78.96783322063277, -65.23790825223551, -51.50798328383826, -37.778058315441, -24.0481333470438, -10.318208378646545, 3.4117165897507107, 17.141641558147967, 30.871566526545223, 44.60149149494242, 58.33141646333968, 72.06134143173695]}, "_wandb": {"runtime": 361}}