{"loss": 0.0041382089257240295, "_runtime": 73, "_timestamp": 1644580285, "_step": 167, "test_result - truth": {"_type": "histogram", "values": [1, 0, 0, 0, 0, 0, 0, 0, 0, 0, 0, 0, 0, 0, 0, 0, 0, 0, 0, 0, 1, 0, 3, 11, 19, 32, 59, 34, 47, 85, 1, 14], "bins": [-251.66315975487234, -242.0659249553457, -232.46869015581908, -222.87145535629244, -213.2742205567658, -203.67698575723918, -194.07975095771255, -184.48251615818592, -174.88528135865928, -165.28804655913265, -155.69081175960602, -146.0935769600794, -136.49634216055276, -126.89910736102613, -117.3018725614995, -107.70463776197286, -98.10740296244623, -88.5101681629196, -78.91293336339297, -69.31569856386633, -59.7184637643397, -50.12122896481307, -40.52399416528644, -30.926759365759807, -21.329524566233175, -11.732289766706543, -2.1350549671799115, 7.46217983234672, 17.059414631873352, 26.656649431399984, 36.253884230926616, 45.85111903045325, 55.4483538299799]}, "_wandb": {"runtime": 71}}