{"loss": 0.05529044568538666, "_runtime": 37, "_timestamp": 1644153186, "_step": 109, "test_result - truth": [-32.229719404131174, -39.15971852838993, -55.858456157147884, -47.38400420174003, 22.43286296725273, 20.527726784348488, 20.64024545252323, 33.17196182906628, -1.2599341571331024, 5.064131319522858, -5.581013113260269, -0.23316778242588043, 0.4733562469482422, 1.7125703394412994, 0.813138484954834, -0.6853647530078888, -12.869005836546421, -9.917166084051132, 1.677413284778595, -2.7706515043973923, -8.874065056443214, -4.163482412695885, 0.02767704427242279, 1.4083608984947205, 1.0997358709573746, -6.785566359758377, -24.265048932284117, 2.0490501075983047, -1.7992526292800903, 0.859510526061058], "_wandb": {"runtime": 34}}