{"loss": 0.002731568878516555, "_runtime": 209, "_timestamp": 1644138338, "_step": 509, "test_result - truth": {"_type": "histogram", "values": [1, 0, 0, 0, 0, 0, 0, 0, 0, 0, 0, 0, 0, 0, 0, 0, 0, 0, 0, 1, 3, 5, 2, 10, 40, 91, 116, 30, 2, 2, 1, 3], "bins": [-247.29371769428255, -237.8762679683976, -228.45881824251265, -219.0413685166277, -209.62391879074278, -200.20646906485783, -190.78901933897288, -181.37156961308796, -171.95411988720298, -162.53667016131806, -153.1192204354331, -143.70177070954816, -134.2843209836632, -124.86687125777827, -115.44942153189334, -106.03197180600839, -96.61452208012344, -87.19707235423849, -77.77962262835354, -68.36217290246861, -58.944723176583665, -49.527273450698715, -40.109823724813765, -30.692373998928815, -21.274924273043865, -11.857474547158944, -2.440024821273994, 6.977424904610956, 16.394874630495877, 25.812324356380856, 35.22977408226578, 44.647223808150756, 54.064673534035684]}, "_wandb": {"runtime": 208}}