{"loss": 0.13244108855724335, "_runtime": 43, "_timestamp": 1644153017, "_step": 87, "test_result - truth": [-24.86111791804433, -31.791117042303085, -39.29889667779207, -29.84246453270316, 40.0953384116292, 18.996386602520943, 18.935785442590714, 18.9036525785923, -15.583543851971626, -65.52411988377571, 18.27146764844656, -2.9454879462718964, -1.1408206075429916, 0.1674201339483261, -0.7237069308757782, -2.2182002663612366, -14.319648407399654, -12.626924738287926, -1.029723510146141, -4.224180802702904, -10.316597297787666, -5.359318479895592, -1.4933835715055466, -0.20631887018680573, -0.569583848118782, -8.444717153906822, -25.697415601462126, -1.372462883591652, -3.5353459417819977, -0.9031366556882858], "_wandb": {"runtime": 38}}