{"loss": 0.008598276413977146, "_runtime": 31, "_timestamp": 1643990109, "_step": 50, "test_result - truth": {"_type": "histogram", "values": [1, 0, 0, 0, 0, 0, 0, 0, 0, 0, 0, 0, 0, 0, 0, 0, 0, 0, 0, 0, 1, 0, 3, 11, 19, 32, 60, 34, 46, 85, 1, 14], "bins": [-1.6864686012268066, -1.6239678859710693, -1.561467170715332, -1.4989664554595947, -1.4364656209945679, -1.3739649057388306, -1.3114641904830933, -1.248963475227356, -1.1864627599716187, -1.1239620447158813, -1.0614612102508545, -0.998960554599762, -0.9364597797393799, -0.8739590644836426, -0.8114583492279053, -0.7489575743675232, -0.6864568591117859, -0.6239561438560486, -0.5614553689956665, -0.4989546537399292, -0.4364539384841919, -0.3739531934261322, -0.3114524483680725, -0.248951718211174, -0.1864509880542755, -0.12395025789737701, -0.06144952028989792, 0.0010512135922908783, 0.06355194747447968, 0.12605267763137817, 0.18855342268943787, 0.25105413794517517, 0.31355488300323486]}, "_wandb": {"runtime": 28}}