{"loss": 0.21017836034297943, "_runtime": 13, "_timestamp": 1644152396, "_step": 10, "test_result - truth": [-21.017015352845192, -27.94701447710395, -34.80337271466851, -24.80294583365321, 45.113111939281225, 45.26076167821884, 45.26701122522354, 45.26649657636881, 10.764143150299788, -67.21673961728811, 18.34621410816908, 22.697786428034306, 24.489882588386536, 25.7837844081223, 24.88062847405672, 23.380350787192583, 11.281659454107285, 12.96869432553649, 24.576345272362232, 21.37614218518138, 15.274147689342499, 20.292383059859276, 24.187181890010834, 25.583471171557903, 25.28791856020689, 17.38426499068737, 0.0759677030146122, 24.650389328598976, 22.190513648092747, 24.908396042883396], "_wandb": {"runtime": 11}}