{"loss": 0.007369284518063068, "_runtime": 200, "_timestamp": 1644146580, "_step": 454, "test_result - truth": {"_type": "histogram", "values": [1, 0, 0, 0, 0, 0, 0, 0, 0, 0, 0, 0, 0, 0, 0, 0, 0, 0, 0, 0, 3, 7, 2, 10, 42, 80, 119, 33, 5, 0, 4, 1], "bins": [-249.91374467015268, -240.32862092861907, -230.74349718708547, -221.15837344555186, -211.57324970401825, -201.98812596248465, -192.40300222095104, -182.81787847941743, -173.23275473788382, -163.64763099635022, -154.0625072548166, -144.477383513283, -134.8922597717494, -125.30713603021579, -115.72201228868218, -106.13688854714857, -96.55176480561497, -86.96664106408136, -77.38151732254775, -67.79639358101414, -58.211269839480536, -48.62614609794693, -39.04102235641332, -29.455898614879715, -19.870774873346107, -10.2856511318125, -0.7005273902788929, 8.884596351254714, 18.46972009278832, 28.05484383432193, 37.639967575855536, 47.22509131738914, 56.81021505892277]}, "_wandb": {"runtime": 196}}