{"loss": 0.1615656316280365, "_runtime": 44, "_timestamp": 1644153088, "_step": 98, "test_result - truth": [-38.81764719262719, -45.74764631688595, -52.562289498746395, -42.54611721262336, 27.33714133501053, 27.187447249889374, 27.183692157268524, 27.181828022003174, -7.318635284900665, -85.31788364052773, 0.48561394214630127, 4.684749618172646, 6.485437229275703, 7.786710932850838, 6.888026744127274, 5.388708785176277, -6.711760349571705, -5.013011768460274, 6.585061177611351, 3.383452445268631, -2.716822922229767, 2.282244712114334, 6.187306344509125, 7.5960226356983185, 7.301294803619385, -0.6031718105077744, -17.914181482046843, 6.676273047924042, 4.2424265295267105, 6.9548942148685455], "_wandb": {"runtime": 43}}