{"loss": 0.059309668838977814, "_runtime": 38, "_timestamp": 1644152593, "_step": 109, "test_result - truth": [-9.018568438477814, -15.94856756273657, -43.75136364251375, -39.91634203121066, 30.04798125475645, 12.40374818444252, 13.13486136496067, 14.004842564463615, -20.260920748114586, -13.629011437296867, -1.5607841312885284, 1.9600644707679749, 1.3695258647203445, 2.620028704404831, 1.6938216984272003, 0.038781389594078064, -12.228021584451199, -10.470307990908623, 1.129719614982605, -2.019304409623146, -8.03564004600048, -3.387519344687462, -0.3272663801908493, -0.3459613770246506, 0.2006392925977707, -6.877006217837334, -23.508079256862402, 1.4451675117015839, 0.9108178317546844, 4.414533823728561], "_wandb": {"runtime": 38}}