{"loss": 0.0026327993255108595, "_runtime": 201, "_timestamp": 1644831372, "_step": 509, "test_result - truth": {"_type": "histogram", "values": [1, 0, 0, 0, 0, 0, 0, 0, 0, 0, 0, 0, 0, 0, 0, 0, 0, 0, 0, 4, 3, 3, 5, 19, 72, 134, 47, 11, 3, 2, 1, 2], "bins": [-247.8670173406601, -238.29377184566113, -228.7205263506621, -219.14728085566313, -209.57403536066414, -200.00078986566515, -190.42754437066617, -180.85429887566715, -171.28105338066817, -161.70780788566918, -152.13456239067017, -142.56131689567118, -132.9880714006722, -123.41482590567321, -113.8415804106742, -104.26833491567521, -94.69508942067623, -85.12184392567724, -75.54859843067825, -65.97535293567924, -56.402107440680254, -46.82886194568127, -37.255616450682254, -27.682370955683268, -18.109125460684282, -8.535879965685297, 1.0373655293136892, 10.610611024312703, 20.183856519311718, 29.757102014310675, 39.33034750930969, 48.90359300430865, 58.47683849930763]}, "_wandb": {"runtime": 200}}