{"loss": 0.09583885967731476, "_runtime": 59, "_timestamp": 1644831066, "_step": 129, "test_result - truth": {"_type": "histogram", "values": [1, 0, 0, 0, 0, 0, 0, 0, 0, 0, 0, 0, 0, 0, 0, 0, 0, 0, 0, 0, 1, 0, 3, 11, 19, 32, 59, 34, 47, 85, 1, 14], "bins": [-245.6692131072283, -236.07227289713921, -226.47533268705013, -216.87839247696104, -207.28145226687195, -197.68451205678286, -188.08757184669378, -178.4906316366047, -168.8936914265156, -159.29675121642651, -149.69981100633743, -140.10287079624834, -130.50593058615925, -120.90899037607016, -111.31205016598108, -101.71510995589199, -92.1181697458029, -82.52122953571381, -72.92428932562473, -63.32734911553564, -53.73040890544655, -44.133468695357465, -34.53652848526838, -24.93958827517929, -15.342648065090202, -5.745707855001115, 3.851232355087973, 13.44817256517706, 23.045112775266148, 32.642052985355235, 42.23899319544432, 51.83593340553341, 61.43287361562252]}}