{"loss": 0.006095177959650755, "_runtime": 128, "_timestamp": 1643990265, "_step": 269, "test_result - truth": {"_type": "histogram", "values": [1, 0, 0, 0, 0, 0, 0, 0, 0, 0, 0, 0, 0, 0, 0, 0, 0, 0, 0, 1, 0, 2, 4, 5, 30, 38, 52, 52, 83, 25, 0, 14], "bins": [-1.6153030395507812, -1.554111361503601, -1.492919683456421, -1.4317280054092407, -1.3705363273620605, -1.3093446493148804, -1.2481529712677002, -1.18696129322052, -1.1257696151733398, -1.0645779371261597, -1.0033862590789795, -0.9421945214271545, -0.8810028433799744, -0.8198111653327942, -0.758619487285614, -0.6974278092384338, -0.6362361311912537, -0.5750444531440735, -0.5138527750968933, -0.45266109704971313, -0.39146941900253296, -0.3302777111530304, -0.2690860331058502, -0.20789435505867004, -0.14670267701148987, -0.08551099896430969, -0.02431931346654892, 0.036872368305921555, 0.09806405007839203, 0.1592557281255722, 0.22044742107391357, 0.28163909912109375, 0.3428307771682739]}}