{"loss": 0.08369901031255722, "_runtime": 32, "_timestamp": 1644151787, "_step": 93, "test_result - truth": [-4.726826772093773, -11.65682589635253, -20.170290581882, -20.248274132609367, 38.74772451817989, 11.987405642867088, 11.553803086280823, 11.824122816324234, -22.559600695967674, -51.5504642855376, -3.688892349600792, 0.22294186055660248, 2.180102840065956, 3.4815240651369095, 2.586055174469948, 1.0910052806138992, -11.005748994648457, -9.285009652376175, 2.3207176476716995, -0.8896417915821075, -6.980063393712044, -1.979825645685196, 1.7955679446458817, 3.1362399458885193, 2.832520008087158, -5.147578194737434, -22.32402814552188, 1.6129162162542343, -0.23150481283664703, 1.939612627029419], "_wandb": {"runtime": 29}}