{"loss": 0.1587744951248169, "_runtime": 14, "_timestamp": 1647535023, "_step": 10, "test_result - truth": [-41.996021289378405, -48.92602041363716, -55.82531411200762, -45.83517266437411, 24.030648171901703, 23.306693136692047, 23.29312451183796, 23.273148760199547, -11.246059834957123, -89.06983472406864, -2.952558919787407, 0.4195377230644226, 2.2138718515634537, 3.5144247114658356, 2.611583098769188, 1.1011507362127304, -11.007468961179256, -9.225095808506012, 2.2597745060920715, -0.9512186050415039, -7.0934537798166275, -2.0721137523651123, 1.8591765314340591, 3.3038243651390076, 3.039596602320671, -4.849886521697044, -22.155689354985952, 2.670527994632721, -0.008432194590568542, 2.7350887656211853], "_wandb": {"runtime": 11}}