{"loss": 0.0029648253694176674, "_runtime": 29, "_timestamp": 1644579973, "_step": 50, "test_result - truth": {"_type": "histogram", "values": [1, 0, 0, 0, 0, 0, 0, 0, 0, 0, 0, 0, 0, 0, 0, 0, 0, 0, 0, 0, 1, 0, 3, 11, 20, 36, 56, 34, 47, 83, 1, 14], "bins": [-265.8734220385552, -256.26408504731955, -246.65474805608397, -237.04541106484834, -227.43607407361273, -217.82673708237712, -208.21740009114149, -198.60806309990588, -188.99872610867027, -179.38938911743466, -169.78005212619905, -160.17071513496342, -150.5613781437278, -140.9520411524922, -131.34270416125656, -121.73336717002095, -112.12403017878535, -102.51469318754974, -92.90535619631413, -83.2960192050785, -73.68668221384289, -64.07734522260728, -54.46800823137164, -44.85867124013603, -35.249334248900425, -25.639997257664817, -16.03066026642921, -6.421323275193572, 3.1880137160420645, 12.797350707277644, 22.40668769851328, 32.01602468974886, 41.6253616809845]}, "_wandb": {"runtime": 22}}